,1. ANB Value,2. SNB Value,3. SNA Value,4. ODI Value,5. APDI Value,6. FHI Value,7. FMA Value,8. MW Value,9. Palatal to Mandibular (VBT),10. Frankfort to Mandibular (VBT),11. Y-axis,12. Subspinale to Nasion Perpendicular,13. Pogonion to Nasion Perpendicular
count,400.0,400.0,400.0,400.0,400.0,400.0,400.0,400.0,400.0,400.0,400.0,400.0,400.0
mean,2.1806735486429667,79.9855832143718,82.16625676301477,68.28069639027633,85.63289226549158,0.6433179408681494,33.594018354251865,2.4167799922179154,27.465074591281592,28.843737838331208,64.33850068927308,-3.7326724851767086,7.328748051787832
std,4.2033813959569395,5.206777720742463,4.008987922332109,9.907370149918412,10.016817393740535,0.0496899767831946,6.308970119484901,4.046855825749316,5.896992502254219,6.141525860475611,4.775809488368229,8.25080196441484,9.381718612338178
min,-9.5629676896869,65.90918920188929,68.83590220520692,38.00369909816413,56.905481979538564,0.4956025856192243,11.411877524573939,-13.534031180694095,8.12416102733738,6.597402782906419,51.64630680512761,-29.956771545827657,-16.987551299589633
25%,-0.7310389711835796,76.37402527704126,79.68475896835182,62.1578074372553,78.69403792482233,0.6097111050361693,29.25418551348903,0.9380371963365675,23.91926286979162,25.3321232037175,61.04434861347579,-8.921701968152547,1.4054104565468095
50%,2.736886294090475,79.91394376301147,81.82080684929689,69.14675936526335,83.842124491786,0.6442801355867058,33.321212148305854,2.907737973711325,27.623658245784192,28.795023432881532,64.38010457750414,-3.7763166095041583,6.3527441539258005
75%,4.987799053458566,83.16730962436702,84.89334285537967,75.176357214516,91.28377180209034,0.6765820934177526,37.45409218830608,4.960340811709584,31.31332498273058,33.03077313699268,67.60925777380511,0.9128330060666258,12.78931958804851
max,11.85693728837063,96.31192574675258,95.58755203758672,100.66520929954427,117.09858573599969,0.848980858015996,51.52153390099282,11.520850663036997,45.32024703951556,47.837818913630855,80.47884186210764,22.127098674521335,37.5583210603829
