,1. ANB Value,2. SNB Value,3. SNA Value,4. ODI Value,5. APDI Value,6. FHI Value,7. FMA Value,8. MW Value,9. Palatal to Mandibular (VBT),10. Frankfort to Mandibular (VBT),11. Y-axis,12. Subspinale to Nasion Perpendicular,13. Pogonion to Nasion Perpendicular
count,400.0,400.0,400.0,400.0,400.0,400.0,400.0,400.0,400.0,400.0,400.0,400.0,400.0
mean,2.3681852532562924,80.88783003509815,83.25601528835443,69.66968100987539,85.5452063441928,0.6499946524022729,32.82195598074839,2.4977925039734914,27.069773339657687,29.354434033382486,64.7643317682876,-4.047585999187312,3.85959744818303
std,4.2313253001518145,5.4159823173846275,4.569480229853658,10.895245660029962,10.901911335217475,0.050971445470520065,6.297617869371366,4.073760107151671,5.8178536619911245,6.407962544918787,5.094222997538027,8.81230590289092,10.257259052041777
min,-10.011522508444102,65.88029043245201,69.28432238828202,38.074872797501286,60.58965516877429,0.48220432302236044,11.744913554603958,-13.024976007655445,9.129789869618415,7.670756147710263,45.74930810389685,-34.155425219941364,-30.870553935860062
25%,-0.5304033462479865,77.44314691504265,80.32762125407206,63.0994808020467,78.30181965368972,0.6151701249392081,28.692908327176344,0.9962214450449026,23.40873257447599,25.34851062448729,61.201514242867844,-9.635119176953378,-2.781319607418544
50%,2.9052834901654947,80.59740570039568,82.94353176640622,70.88175087694913,84.25038577019652,0.6506480898448027,32.3737270187912,3.023243291566195,27.19761142925325,29.226070754378867,64.88246952241325,-3.931328085956989,3.34702876426162
75%,5.340264104578974,83.95902969121934,86.1816656029103,77.09532195107106,92.3983359793271,0.6845846031542541,36.89264902290563,5.068266484799784,30.840771056261964,33.40050263901944,68.1127925454427,1.1805401929261166,9.755938414288023
max,13.73364509309782,100.43306673922132,103.4190851205263,104.02031261794653,114.97819357741221,0.8269667832678164,51.71100902101511,14.280406156688963,43.56965867208583,47.37716816282537,84.32605593203908,27.876537911301853,42.69556509298998
